Workbook

Sheet 1500 ft
A1: time | B1: Archer Midnight | C1: Joby S4 | D1: Supernal S-A2 | F1: Total time | G1: 1017s
A2: 0 | B2: 0.496822 | C2: 0.376176 | D2: 0.524206
A3: 1 | B3: 0.496822 | C3: 0.376176 | D3: 0.524206
A4: 2 | B4: 0.496822 | C4: 0.376176 | D4: 0.524206
A5: 3 | B5: 0.496822 | C5: 0.376176 | D5: 0.524206
A6: 4 | B6: 0.496822 | C6: 0.376176 | D6: 0.524206
A7: 5 | B7: 0.496822 | C7: 0.376176 | D7: 0.524206
A8: 6 | B8: 0.496822 | C8: 0.376176 | D8: 0.524206
A9: 7 | B9: 0.496822 | C9: 0.376176 | D9: 0.524206
A10: 8 | B10: 0.496822 | C10: 0.376176 | D10: 0.524206
A11: 9 | B11: 0.496822 | C11: 0.376176 | D11: 0.524206
A12: 10 | B12: 0.496822 | C12: 0.376176 | D12: 0.524206
A13: 11 | B13: 0.496822 | C13: 0.376176 | D13: 0.524206
... A1019: 1017 | B1019: 738.74306 | C1019: 457.67053 | D1019: 541.94079

Sheet 3000 ft
A1: time | B1: Archer Midnight | C1: Joby S4 | D1: Supernal S-A2 | F1: Total Time | G1: 1103s
A2: 0 | B2: 0.496822 | C2: 0.376176 | D2: 0.524206
A3: 1 | B3: 0.496822 | C3: 0.376176 | D3: 0.524206
A4: 2 | B4: 0.496822 | C4: 0.376176 | D4: 0.524206
A5: 3 | B5: 0.496822 | C5: 0.376176 | D5: 0.524206
A6: 4 | B6: 0.496822 | C6: 0.376176 | D6: 0.524206
A7: 5 | B7: 0.496822 | C7: 0.376176 | D7: 0.524206
A8: 6 | B8: 0.496822 | C8: 0.376176 | D8: 0.524206
A9: 7 | B9: 0.496822 | C9: 0.376176 | D9: 0.524206
A10: 8 | B10: 0.496822 | C10: 0.376176 | D10: 0.524206
A11: 9 | B11: 0.496822 | C11: 0.376176 | D11: 0.524206
A12: 10 | B12: 0.496822 | C12: 0.376176 | D12: 0.524206
A13: 11 | B13: 0.496822 | C13: 0.376176 | D13: 0.524206
... A1105: 1103 | B1105: 743.20577 | C1105: 461.04954 | D1105: 546.64948

Sheet All

Sheet Archer_30mi (1500ft vs. 3000ft)
A1: Total Time | B1: 1103s | C1: 1017s
A2: time | B2: 3000 ft | C2: 1500 ft
A3: 0 | B3: ='3000 ft'!B2 -> 0.496822 | C3: ='1500 ft'!B2 -> 0.496822
A4: 1 | B4: ='3000 ft'!B3 -> 0.496822 | C4: ='1500 ft'!B3 -> 0.496822
A5: 2 | B5: ='3000 ft'!B4 -> 0.496822 | C5: ='1500 ft'!B4 -> 0.496822
A6: 3 | B6: ='3000 ft'!B5 -> 0.496822 | C6: ='1500 ft'!B5 -> 0.496822
A7: 4 | B7: ='3000 ft'!B6 -> 0.496822 | C7: ='1500 ft'!B6 -> 0.496822
A8: 5 | B8: ='3000 ft'!B7 -> 0.496822 | C8: ='1500 ft'!B7 -> 0.496822
A9: 6 | B9: ='3000 ft'!B8 -> 0.496822 | C9: ='1500 ft'!B8 -> 0.496822
A10: 7 | B10: ='3000 ft'!B9 -> 0.496822 | C10: ='1500 ft'!B9 -> 0.496822
A11: 8 | B11: ='3000 ft'!B10 -> 0.496822 | C11: ='1500 ft'!B10 -> 0.496822
A12: 9 | B12: ='3000 ft'!B11 -> 0.496822 | C12: ='1500 ft'!B11 -> 0.496822
A13: 10 | B13: ='3000 ft'!B12 -> 0.496822 | C13: ='1500 ft'!B12 -> 0.496822
A14: 11 | B14: ='3000 ft'!B13 -> 0.496822 | C14: ='1500 ft'!B13 -> 0.496822
... A1020: 1017 | B1020: ='3000 ft'!B1019 -> 263.64544 | C1020: ='1500 ft'!B1019 -> 738.74306
A1021: 1018 | B1021: ='3000 ft'!B1020 -> 263.64544
A1022: 1019 | B1022: ='3000 ft'!B1021 -> 263.64544
A1023: 1020 | B1023: ='3000 ft'!B1022 -> 263.64544
A1024: 1021 | B1024: ='3000 ft'!B1023 -> 263.64544
A1025: 1022 | B1025: ='3000 ft'!B1024 -> 263.64544
A1026: 1023 | B1026: ='3000 ft'!B1025 -> 263.64544
A1027: 1024 | B1027: ='3000 ft'!B1026 -> 263.64544
A1028: 1025 | B1028: ='3000 ft'!B1027 -> 263.64544
A1029: 1026 | B1029: ='3000 ft'!B1028 -> 263.64544
A1030: 1027 | B1030: ='3000 ft'!B1029 -> 263.64544
A1031: 1028 | B1031: ='3000 ft'!B1030 -> 263.64544
A1032: 1029 | B1032: ='3000 ft'!B1031 -> 263.64544
... A1106: 1103 | B1106: ='3000 ft'!B1105 -> 743.20577

Sheet Joby_30mi (1500ft vs. 3000)
A1: Total Time | B1: 1103s | C1: 1017s
A2: time | B2: 3000 ft | C2: 1500 ft
A3: 0 | B3: ='3000 ft'!C2 -> 0.376176 | C3: ='1500 ft'!C2 -> 0.376176
A4: 1 | B4: ='3000 ft'!C3 -> 0.376176 | C4: ='1500 ft'!C3 -> 0.376176
A5: 2 | B5: ='3000 ft'!C4 -> 0.376176 | C5: ='1500 ft'!C4 -> 0.376176
A6: 3 | B6: ='3000 ft'!C5 -> 0.376176 | C6: ='1500 ft'!C5 -> 0.376176
A7: 4 | B7: ='3000 ft'!C6 -> 0.376176 | C7: ='1500 ft'!C6 -> 0.376176
A8: 5 | B8: ='3000 ft'!C7 -> 0.376176 | C8: ='1500 ft'!C7 -> 0.376176
A9: 6 | B9: ='3000 ft'!C8 -> 0.376176 | C9: ='1500 ft'!C8 -> 0.376176
A10: 7 | B10: ='3000 ft'!C9 -> 0.376176 | C10: ='1500 ft'!C9 -> 0.376176
A11: 8 | B11: ='3000 ft'!C10 -> 0.376176 | C11: ='1500 ft'!C10 -> 0.376176
A12: 9 | B12: ='3000 ft'!C11 -> 0.376176 | C12: ='1500 ft'!C11 -> 0.376176
A13: 10 | B13: ='3000 ft'!C12 -> 0.376176 | C13: ='1500 ft'!C12 -> 0.376176
A14: 11 | B14: ='3000 ft'!C13 -> 0.376176 | C14: ='1500 ft'!C13 -> 0.376176
... A1020: 1017 | B1020: ='3000 ft'!C1019 -> 168.85999 | C1020: ='1500 ft'!C1019 -> 457.67053
A1021: 1018 | B1021: ='3000 ft'!C1020 -> 168.85999
A1022: 1019 | B1022: ='3000 ft'!C1021 -> 168.85999
A1023: 1020 | B1023: ='3000 ft'!C1022 -> 168.85999
A1024: 1021 | B1024: ='3000 ft'!C1023 -> 168.85999
A1025: 1022 | B1025: ='3000 ft'!C1024 -> 168.85999
A1026: 1023 | B1026: ='3000 ft'!C1025 -> 168.85999
A1027: 1024 | B1027: ='3000 ft'!C1026 -> 168.85999
A1028: 1025 | B1028: ='3000 ft'!C1027 -> 168.85999
A1029: 1026 | B1029: ='3000 ft'!C1028 -> 168.85999
A1030: 1027 | B1030: ='3000 ft'!C1029 -> 168.85999
A1031: 1028 | B1031: ='3000 ft'!C1030 -> 168.85999
A1032: 1029 | B1032: ='3000 ft'!C1031 -> 168.85999
... A1106: 1103 | B1106: ='3000 ft'!C1105 -> 461.04954

Sheet Supernal_30mi (1500ft vs. 3000)
A1: Total Time | B1: 1103s | C1: 1017s
A2: time | B2: 3000 ft | C2: 1500 ft
A3: 0 | B3: ='3000 ft'!D2 -> 0.524206 | C3: ='1500 ft'!D2 -> 0.524206
A4: 1 | B4: ='3000 ft'!D3 -> 0.524206 | C4: ='1500 ft'!D3 -> 0.524206
A5: 2 | B5: ='3000 ft'!D4 -> 0.524206 | C5: ='1500 ft'!D4 -> 0.524206
A6: 3 | B6: ='3000 ft'!D5 -> 0.524206 | C6: ='1500 ft'!D5 -> 0.524206
A7: 4 | B7: ='3000 ft'!D6 -> 0.524206 | C7: ='1500 ft'!D6 -> 0.524206
A8: 5 | B8: ='3000 ft'!D7 -> 0.524206 | C8: ='1500 ft'!D7 -> 0.524206
A9: 6 | B9: ='3000 ft'!D8 -> 0.524206 | C9: ='1500 ft'!D8 -> 0.524206
A10: 7 | B10: ='3000 ft'!D9 -> 0.524206 | C10: ='1500 ft'!D9 -> 0.524206
A11: 8 | B11: ='3000 ft'!D10 -> 0.524206 | C11: ='1500 ft'!D10 -> 0.524206
A12: 9 | B12: ='3000 ft'!D11 -> 0.524206 | C12: ='1500 ft'!D11 -> 0.524206
A13: 10 | B13: ='3000 ft'!D12 -> 0.524206 | C13: ='1500 ft'!D12 -> 0.524206
A14: 11 | B14: ='3000 ft'!D13 -> 0.524206 | C14: ='1500 ft'!D13 -> 0.524206
... A1020: 1017 | B1020: ='3000 ft'!D1019 -> 297.28075 | C1020: ='1500 ft'!D1019 -> 541.94079
A1021: 1018 | B1021: ='3000 ft'!D1020 -> 297.28075
A1022: 1019 | B1022: ='3000 ft'!D1021 -> 297.28075
A1023: 1020 | B1023: ='3000 ft'!D1022 -> 297.28075
A1024: 1021 | B1024: ='3000 ft'!D1023 -> 297.28075
A1025: 1022 | B1025: ='3000 ft'!D1024 -> 297.28075
A1026: 1023 | B1026: ='3000 ft'!D1025 -> 297.28075
A1027: 1024 | B1027: ='3000 ft'!D1026 -> 297.28075
A1028: 1025 | B1028: ='3000 ft'!D1027 -> 297.28075
A1029: 1026 | B1029: ='3000 ft'!D1028 -> 297.28075
A1030: 1027 | B1030: ='3000 ft'!D1029 -> 297.28075
A1031: 1028 | B1031: ='3000 ft'!D1030 -> 297.28075
A1032: 1029 | B1032: ='3000 ft'!D1031 -> 297.28075
... A1106: 1103 | B1106: ='3000 ft'!D1105 -> 546.64948
